{
  "model_config": {
    "model_type": "roberta",
    "model_name": "distilroberta-base",
    "fine_tuned": false,
    "epochs": 0
  },
  "dataset_info": {
    "total_samples": 100,
    "evaluated_samples": 100,
    "class_distribution": {
      "mail_server": 17,
      "ftp_server": 2,
      "ssh_server": 28,
      "other": 3,
      "database": 11,
      "web_server": 39
    }
  },
  "latency_stats": {
    "mean": 0.48326539278030395,
    "median": 0.46858513355255127,
    "p50": 0.46858513355255127,
    "p95": 0.6976901412010192,
    "p99": 0.8139740657806397,
    "min": 0.2892026901245117,
    "max": 0.8292615413665771,
    "std": 0.122151650808804
  },
  "accuracy_metrics": {
    "accuracy": 0.11,
    "macro_precision": 0.018333333333333333,
    "macro_recall": 0.16666666666666666,
    "macro_f1": 0.03303303303303303,
    "per_class": {
      "database": {
        "precision": 0.11,
        "recall": 1.0,
        "f1": 0.1981981981981982,
        "support": 11
      },
      "ftp_server": {
        "precision": 0.0,
        "recall": 0.0,
        "f1": 0.0,
        "support": 2
      },
      "mail_server": {
        "precision": 0.0,
        "recall": 0.0,
        "f1": 0.0,
        "support": 17
      },
      "other": {
        "precision": 0.0,
        "recall": 0.0,
        "f1": 0.0,
        "support": 3
      },
      "ssh_server": {
        "precision": 0.0,
        "recall": 0.0,
        "f1": 0.0,
        "support": 28
      },
      "web_server": {
        "precision": 0.0,
        "recall": 0.0,
        "f1": 0.0,
        "support": 39
      }
    },
    "confusion_matrix": [
      [
        11,
        0,
        0,
        0,
        0,
        0
      ],
      [
        2,
        0,
        0,
        0,
        0,
        0
      ],
      [
        17,
        0,
        0,
        0,
        0,
        0
      ],
      [
        3,
        0,
        0,
        0,
        0,
        0
      ],
      [
        28,
        0,
        0,
        0,
        0,
        0
      ],
      [
        39,
        0,
        0,
        0,
        0,
        0
      ]
    ],
    "classes": [
      "database",
      "ftp_server",
      "mail_server",
      "other",
      "ssh_server",
      "web_server"
    ]
  },
  "throughput_benchmarks": {
    "1": {
      "total_time": 0.14040255546569824,
      "throughput": 7.1223774858165605,
      "avg_latency": 0.14040255546569824
    },
    "5": {
      "total_time": 0.2761507034301758,
      "throughput": 18.106055635176904,
      "avg_latency": 0.055230140686035156
    },
    "10": {
      "total_time": 0.47461795806884766,
      "throughput": 21.069577815151717,
      "avg_latency": 0.04746179580688477
    },
    "20": {
      "total_time": 0.5298190116882324,
      "throughput": 37.748739774873975,
      "avg_latency": 0.026490950584411622
    },
    "50": {
      "total_time": 0.8585910797119141,
      "throughput": 58.23493998653779,
      "avg_latency": 0.01717182159423828
    }
  },
  "errors": []
}